﻿Designator,Quantity,Value,Footprint,Package,MPN,DNP,Mount_Type,Description,Height,Mouser Part Number,Mouser Price/Stock,Manufacturer_Name,MF,MAXIMUM_PACKAGE_HEIGHT,Price,Check_prices,STANDARD,PARTREV,SnapEDA_Link,MP,Purchase-URL,Description_1,Availability,MANUFACTURER
"C1, C4, C7",3,10 nF / 100 V,CAPC1608X90N_001uF,,CGA3EANP02A103J080AC,,smt,"Multilayer Ceramic Chip Capacitors, Capacitance=10nF, LxWxT:1.6x0.8x0.8mm",0.9,810-CGA3EANP02A103JC,https://www.mouser.co.uk/ProductDetail/TDK/CGA3EANP02A103J080AC?qs=6JAMGB%252BEdkzxTYYMzdSqJA%3D%3D,TDK,,,,,,,,,,,,
"C2, C5, C8",3,100 nF / 35 V,CAPC1608X90N_1uF,,MMJCG168BB7104MTPA01,,smt,Multilayer Ceramic Capacitors MLCC - SMD/SMT 35V 0.1uF X7R 0603 20% Medical,0.8,963-MJCG168BB7104M,https://www.mouser.de/ProductDetail/TAIYO-YUDEN/MMJCG168BB7104MTPA01?qs=tlsG%2FOw5FFi%252BNb4uAGqRXw%3D%3D, TAIYO YUDEN,,,,,,,,,,,,
"C3, C6, C9",3,1 uF / 35 V,CAPC1608X90N_1uF,,MMJCG168CB7105KRPA18,,smt,Multilayer Ceramic Capacitors MLCC - SMD/SMT 35V 1uF X7R 0603 10% Medical,0.9,,,TAIYO YUDEN,,,,,,,,,,,,
"H1, H2",2,MountingHole,CastellatedHole,,,,smt,Mounting Hole without connection,,,,,,,,,,,,,,,,
"H3, H4",2,MountingHole,Castelated_Hold_Right,,,,smt,Mounting Hole without connection,,,,,,,,,,,,,,,,
J1,1,87832-0411,878320411,,87832-0411,,smt,"2.00mm Pitch, Milli-Grid PCB Header, Dual Row, Vertical, Surface Mount, Shrouded, Lead-Free, 4 Circuits, 0.76m Gold (Au) Plating, with Locking Window, without Pick-and-Place Cap, without PCB Locator, Tube",7.8,538-87832-0411,https://www.mouser.co.uk/ProductDetail/Molex/87832-0411?qs=kNSQ05%252BLZoARVxrc1s973A%3D%3D,Molex,,,,,,,,,,,,
"J2, J3",2,CONMHF4-SMD-G-T,CONMHF4SMDGT,,CONMHF4-SMD-G-T,,smt,Body Features: Body Material Copper Alloy | Body Plating Material Gold | Configuration Features: Number of Coaxial Contacts 1 | Number of Positions 1 | Electrical Characteristics: Impedance 50 OHM | Mechanical Attachment: Connector Mounting Type Board Mount | RF Connector Coupling Mechanism Snap-On | Operation/Application: Operating Frequency 6 GHZ | Circuit Application Signal | Other: Dielectric Material LCP | Product Type Features: Sealable No | RF Interface UMCC | Connector Product Type Connector Assembl,0.6,N/A,https://www.mouser.co.uk/ProductDetail/TE-Connectivity/CONMHF4-SMD-G-T?qs=3Rah4i%252BhyCHAjcyagtfN7A%3D%3D,TE Connectivity,,,,,,,,,,,,
"R1, R2",2,320 Ohm,R_0201_0603Metric,,,,smt,Resistor,,,,,,,,,,,,,,,,
"U1, U2",2,MICROFC-30035-SMT-TR1,XDCR_MICROFC-30035-SMT-TR1,SMD-4 ON Semiconductor,,,smt,,,,,,ON Semiconductor,0.70 mm,None,https://www.snapeda.com/parts/MICROFC-30035-SMT-TR1/Onsemi/view-part/?ref=eda,Manufacturer Recommendations,Issue O,https://www.snapeda.com/parts/MICROFC-30035-SMT-TR1/Onsemi/view-part/?ref=snap,MICROFC-30035-SMT-TR1,https://www.snapeda.com/api/url_track_click_mouser/?unipart_id=3234749&manufacturer=ON Semiconductor&part_name=MICROFC-30035-SMT-TR1&search_term=microfc-30035-smt-tr,"
Photodiode 420nm 600ps - 4-SMD, No Lead
",In Stock,On Semiconductor
