﻿pos_x,pos_y,rotation,side,designator,mpn,pack,footprint,value,mount_type,place
106.161307,-91.07002,180.0,top,C1,CGA3EANP02A103J080AC,,CAPC1608X90N_001uF,10 nF / 100 V,smt,True
106.161307,-92.423625,180.0,top,C2,MMJCG168BB7104MTPA01,,CAPC1608X90N_1uF,100 nF / 35 V,smt,True
106.161307,-93.763756,180.0,top,C3,MMJCG168CB7105KRPA18,,CAPC1608X90N_1uF,1 uF / 35 V,smt,True
106.0,-85.552155,180.0,bottom,C4,CGA3EANP02A103J080AC,,CAPC1608X90N_001uF,10 nF / 100 V,smt,True
106.0,-87.0,180.0,bottom,C5,MMJCG168BB7104MTPA01,,CAPC1608X90N_1uF,100 nF / 35 V,smt,True
106.0,-88.484054,180.0,bottom,C6,MMJCG168CB7105KRPA18,,CAPC1608X90N_1uF,1 uF / 35 V,smt,True
93.958753,-85.687906,180.0,bottom,C7,CGA3EANP02A103J080AC,,CAPC1608X90N_001uF,10 nF / 100 V,smt,True
93.958753,-87.131471,180.0,bottom,C8,MMJCG168BB7104MTPA01,,CAPC1608X90N_1uF,100 nF / 35 V,smt,True
93.958753,-88.687906,180.0,bottom,C9,MMJCG168CB7105KRPA18,,CAPC1608X90N_1uF,1 uF / 35 V,smt,True
86.95258,-87.434452,0.0,top,H1,,,CastellatedHole,MountingHole,smt,False
87.710893,-95.553914,0.0,top,H2,,,CastellatedHole,MountingHole,smt,False
113.052869,-87.485539,0.0,top,H3,,,Castelated_Hold_Right,MountingHole,smt,False
112.321273,-95.623988,0.0,top,H4,,,Castelated_Hold_Right,MountingHole,smt,False
100.019149,-87.426877,-90.0,top,J1,87832-0411,,878320411,87832-0411,smt,True
102.33081,-94.157298,180.0,top,J2,CONMHF4-SMD-G-T,,CONMHF4SMDGT,CONMHF4-SMD-G-T,smt,True
97.680004,-94.157298,180.0,top,J3,CONMHF4-SMD-G-T,,CONMHF4SMDGT,CONMHF4-SMD-G-T,smt,True
105.5,-84.435195,180.0,bottom,R1,,,R_0201_0603Metric,320 Ohm,smt,True
94.457447,-84.634163,0.0,bottom,R2,,,R_0201_0603Metric,320 Ohm,smt,True
102.371306,-88.113644,90.0,bottom,U1,,SMD-4 ON Semiconductor,XDCR_MICROFC-30035-SMT-TR1,MICROFC-30035-SMT-TR1,smt,True
97.63709,-88.123644,180.0,bottom,U2,,SMD-4 ON Semiconductor,XDCR_MICROFC-30035-SMT-TR1,MICROFC-30035-SMT-TR1,smt,True
